date,news
2022-01-01,"['There are loads of high-quality companies in this ETF’s portfolio which have excellent growth potential for the long-term like Apple, Amazon, Alphabet (Google), Meta (Facebook), Microsoft, Nvidia and Tesla.', 'The index also includes companies that will indirectly benefit from these themes, like semiconductor companies Advanced Micro Devices, Micron, Qualcomm and Nvidia whose chip design technologies are bare essentials to making technology work.', 'Companies that could leverage on this evolving theme include large-caps such as Nvidia, Inc. (NASDAQ:NVDA), Alphabet, Inc. (NASDAQ:GOOGL) (NASDAQ:GOOG) and Microsoft Corporation (NASDAQ:MSFT) and pureplay quantum companies such as IonQ, Inc. (NYSE:IONQ), Munster noted.']"
2022-01-02,"['Apple, Amazon, Facebook, Google, Microsoft, Netflix, Nvidia, and Tesla added nearly $3 trillion in market cap in 2021. Anything approaching a repeat performance would shock me.\n\nIt’s hard to beat the index when the biggest names do this.', 'Honorable Mentions: The next ten most searched tickers in 2021 on Benzinga Pro by number of searches were:\n\nAmazon.com Inc (NASDAQ:AMZN)\n\nNVIDIA Corp (NASDAQ:NVDA)\n\nMeta Platforms (NASDAQ:FB)\n\nSundial Growers (NASDAQ:SNDL)\n\nMicrosoft Corp (NASDAQ:MSFT)\n\nVirgin Galactic Holdings (NYSE:SPCE)\n\nAlibaba Group Holding (NYSE:BABA)\n\nTilray Inc (NASDAQ:TLRY)']"
2022-01-03,"['Cramer mentioned Tesla, Apple and Nvidia as three examples of stocks that performed well in 2021 despite doubts about their ability to keep rallying.\n\n""Normally when you hear \'hope springs eternal,\' it\'s meant in the most derogatory way possible, like you\'ve got to be an idiot to believe anything good could happen,"" Cramer said.', 'Sony has taken the last two years to mention it was working on its own electric vehicle with partners like NVIDIA Corp (NASDAQ:NVDA) and Magna International (NYSE:MGA). Could 2022 be the year the company shares more on its automotive plans?\n\nQualcomm: Many semiconductor companies will have a presence at CES 2022.', ""YOU MIGHT ALSO LIKE:\n\nWhen Will It Be Time To Buy Tesla, Nvidia, Alphabet Again?\n\nMarketSmith: Research, Charts, Data And Coaching All In One Place\n\nThese Are The 5 Best Stocks To Buy And Watch Now\n\nThe Ultimate Warren Buffett Stock Is Near A Buy Point, But Should You Buy It?\n\nIs Walmart Stock A Buy Right Now? Here's What Charts, Analysis Show""]"
2022-01-04,"['Marvell Technology\n\nCramer jumped to the fifth-best performer, Marvell Technology, because he discussed numbers 2-4 — Moderna, Fortinet and Nvidia, respectively — on Monday\'s episode of ""Mad Money"" as part of a segment on the top S&P 500 stocks.', 'Other high flyers of late, including Tesla TSLA -4.2% and NVIDIA NVDA -2.7% look like more pure rotation plays out of forward speculation and into cyclicals.\n\nEarlier today, we saw ISM Manufacturing numbers come down unexpectedly, to 58.7% last month from the 61.1% rate in November.', '(CSCO): Free Stock Analysis Report\n\n\n\nNVIDIA Corporation (NVDA): Free Stock Analysis Report\n\n\n\nTesla, Inc. (TSLA): Free Stock Analysis Report\n\n\n\nJD.com, Inc. (JD): Free Stock Analysis Report\n\n\n\nPinduoduo Inc. Sponsored ADR (PDD): Free Stock Analysis Report\n\n\n\nTo read this article on Zacks.com click here.', 'In addition, NVIDIA Corporation (NASDAQ:NVDA) is the leader in graphics chips and is acquiring ARM. Lastly, Intel has faced delays in implementing 10 nm manufacturing technologies allowing AMD to launch competitive products.\n\nIntel is undervalued despite the recent run-up in stock price from late October.']"
2022-01-05,"['Cramer offered up the following stocks to consider: Enterprise software giant Salesforce, Facebook-parent Meta Platforms, cybersecurity firm Palo Alto Networks and chipmaker Nvidia. All four stocks are in the red for 2022 and notably down from their respective all-time highs, Cramer said.', ""Disclosure: Cramer's charitable trust owns shares of Nvidia, Salesforce and Meta Platforms."", 'Unlike Apple that has been relatively quiet on the details of its planned electric vehicles, Sony has now shown off two prototypes and last year shared that it was working with partners that included NVIDIA Corp (NASDAQ:NVDA) and Magna International (NYSE:MGA).', 'Darling tech stocks like Nvidia and Salesforce were down more than 5%.\n\nIn other markets, oil prices gained another 1.5% after a similar rise yesterday, following OPEC’s decision to stick to its planned increased output for February. Spot iron ore price was 2% higher.']"
2022-01-06,"['Thus, the pullback could present an opportunity to buy leaders like Apple (Nasdaq: AAPL) and Nvidia (Nasdaq: NVDA) with established profits.\n\nWhich Tech Stocks Are Down the Most MTD?\n\nSoftware stocks are getting hit the hardest, with leaders from last year like Cloudflare (NYSE: NET) falling over 50% from its highs.', 'Popular semi stocks like AMD (Nasdaq: AMD) and Nvidia that were not too long ago the prized possession in the market are down over 15% from their highs.\n\nTech Stocks Relative Leaders\n\nEven though all tech stocks are down from their highs, some are holding support better than their peers.', 'NVIDIA (NASDAQ:NVDA) ~70x p/e, ~20% growth rate. Google? 30x p/e, ~30% growth rate. What about stocks with a huge revenue growth rate how does Ethereum compare? Square (NYSE:SQ) has a 118% growth rate at a 155 p/e. Shopify (NYSE:SHOP) has an 85% growth rate at a 540 p/e. Tesla (NASDAQ:TSLA) has a 66% growth rate at a 346 p/e.', 'Nvidia added 2.08 per cent. Tesla shed 2.15 per cent, Apple 1.67 per cent and Amazon 0.67 per cent.\n\n“There are a lot of newer investors in the market that have never seen a rate hike cycle,” Liz Young, head of investment strategy at SoFi, told CNBC.']"
2022-01-07,"['This company could rival or surpass other recent Zacks’ Stocks Set to Double like Boston Beer Company which shot up +143.0% in little more than 9 months and NVIDIA which boomed +175.9% in one year.\n\nWant the latest recommendations from Zacks Investment Research? Today, you can download 7 Best Stocks for the Next 30 Days.', 'This company could rival or surpass other recent Zacks’ Stocks Set to Double like Boston Beer Company which shot up +143.0% in little more than 9 months and NVIDIA which boomed +175.9% in one year.\n\nWant the latest recommendations from Zacks Investment Research? Today, you can download 7 Best Stocks for the Next 30 Days.', 'This company could rival or surpass other recent Zacks’ Stocks Set to Double like Boston Beer Company which shot up +143.0% in little more than 9 months and NVIDIA which boomed +175.9% in one year.\n\nWant the latest recommendations from Zacks Investment Research? Today, you can download 7 Best Stocks for the Next 30 Days.']"
2022-01-08,"['Nvidia (NVDA)\n\nNvidia is no different, with the shares also sitting on support at $270. The trend is lower for both the price and the RSI. The stock isn’t even close to oversold yet, so it will probably push lower and fill the gap at $230 over the next few weeks.\n\nHome Depot (HD)\n\nHome Depot is just screaming to fill the gap at $375.\n\nThat’s all.', 'Some of the biggest artificial intelligence companies in the world are NVIDIA Corporation (NASDAQ:NVDA), Amazon.com, Inc. (NASDAQ:AMZN), and Meta Platforms, Inc. (NASDAQ:FB). Other companies profit from the AI market by selling hardware and AI-related services.', '(NYSE:AI) along with Microsoft Corporation (NASDAQ:MSFT), NVIDIA Corporation (NASDAQ:NVDA), Amazon.com, Inc. (NASDAQ:AMZN), and Meta Platforms, Inc. (NASDAQ:FB).\n\nNumber of Hedge Fund Holders: 35\n\nSentinelOne, Inc.', 'In addition to Microsoft Corporation (NASDAQ:MSFT), NVIDIA Corporation (NASDAQ:NVDA), Amazon.com, Inc. (NASDAQ:AMZN), and Meta Platforms, Inc. (NASDAQ:FB), Palantir Technologies Inc. (NYSE:PLTR) is one of the AI stocks analysts are watching for 2022.\n\n7.', 'NVIDIA Corporation (NASDAQ: NVDA )\n\nNumber of Hedge Fund Holders: 83\n\nGraphics chip giant NVIDIA Corporation (NASDAQ:NVDA) is one of the best AI stocks for 2022. NVIDIA GPU deep learning, an enterprise AI product from the California-based company, is widely used for training deep neural networks.', 'NVIDIA Corporation (NASDAQ:NVDA) shares have risen 35% over the last six months as the chipmaker continues to dominate the GPU market. The company is among the biggest suppliers of semiconductors to data centers globally. The company grew its year-over-year revenue in the third quarter of 2021, reporting total revenue of $7.10 billion.', 'On December 3, Citi analyst Atif Malik maintained a Buy rating on NVIDIA Corporation (NASDAQ:NVDA) with a price target of $350. In addition, 83 elite funds had a stake in NVIDIA Corporation (NASDAQ:NVDA) worth over $10 billion at the end of the September quarter.', 'Here is what Harding Loevner has to say about NVIDIA Corporation in its Q3 2021 investor letter:']"
2022-01-09,"['NVDA Tom Aspray - ViperReport.com\n\nNVIDIA NVDA (NVDA) was an analysts favorite and star performer in 2021 as it gained 125%. NVDA peaked at $346.43 in late November after trading above its weekly starc+ band for five weeks. It closed last week at $272.47 and is down 21.4% from its high. NVDA closed below the monthly pivot at $299.48.', 'Similarly, China has paid back with the same coin by strongly opposing the Nvidia-Arm (NASDAQ:NVDA) deal, which I have analyzed in a previous article. If the deal goes through, it would give the US an unfair competitive advantage and lead it to technological hegemony.', ""Thus, for now, most chip designers such as AMD, Nvidia Corporation, and Apple collaborate with TSM foundry to manufacture their chips as they can get more advanced technology compared to Intel. For instance, Apple's M1 chip already uses 5nm chips from TSM, which still beats Intel's comparable products."", ""NVIDIA\n\nNVIDIA (NASDAQ: ) was no different, with the shares also sitting on support at $270. The trend was lower for both the price and the RSI. The stock wasn't even close to oversold yet, so it will probably push lower and fill the gap at $230 over the next few weeks.\n\nNVIDIA Daily Chart\n\n8.""]"
2022-01-10,"['Nvidia (NVDA) Gains As Market Dips: What You Should Know', 'Apple, Tesla, and Nvidia were all sharply lower early in the session, but staged strong rebounds to finish the session in positive territory. Despite the rebound on Monday, the Nasdaq 100 Index may remain vulnerable as Federal Reserve Chairman Jerome Powell heads to Capitol Hill for his nomination hearing.', 'Chip maker NVIDIA Corporation (NASDAQ:NVDA) and Mastercard Inc (NYSE:MA) registered falls of more than 5% before recovering slightly. Amazon joined the downward trajectory, slipping by 3.6% in early trade.']"
2022-01-11,"['Nvidia (NVDA)\n\nNvidia rallied back to the trend line and has stopped at this point. The chart looks very bearish, and a clean break of support at $267 leads to that gap fill at $231.\n\nExxon (XOM)\n\nExxon has risen sharply and found resistance at $71.25, with the RSI climbing over 77.', 'Apple rose 1.5% and chipmaker Nvidia rose 1.5%.\n\nRetailers and other companies that rely on direct consumer spending also gained ground. Las Vegas Sands jumped 7.5% and Gap rose 3.2%.\n\nEnergy futures rose. The price of U.S. crude oil jumped 3.8%, helping boost energy stocks. Exxon Mobil rose 3.9%.', 'The large tech stocks helped the broader market, with Amazon rising more than 2% and shares in both Apple and Nvidia gaining around 1.5 per cent.\n\nGenomic sequencing company Illumina rose 14% after issuing its 2022 revenue outlook, which beat consensus forecasts.']"
2022-01-12,"[""NVIDIA Corporation (NVDA) Presents at Deutsche Bank's Virtual Autotech Conference- Slideshow (NASDAQ:NVDA)"", 'NVIDIA Corporation (NASDAQ:NVDA) topped the list, followed by HubSpot Inc (NYSE:HUBS), both with a 4.6 score out of 5.\n\nAnother significant drop was by Zoom Video Communications Inc (NASDAQ:ZM), which fell from 22nd to 100th in the last year.', 'Technology names such as NVIDIA Corporation (NASDAQ:NVDA) and Advanced Micro Devices, Inc. (NASDAQ:AMD) should have the wind at their backs as the demand for their advanced products by crypto networks, gaming platforms, and cloud servers remains high.']"
2022-01-13,"['AMZN, -2.42% , NVIDIA Corp. NVDA, -5.09% and Tesla Inc. TSLA, -6.75% Goldman pegged the group as representing 27% of the index’s market capitalization, but also pointed to strong returns for the index last year that were broad.\n\nThe S&P 500 SPX produced a total return of 28.7% in 2021, FactSet data show.', 'Nvidia (NVDA)\n\nNvidia is just one giant descending triangle ready to break and fall to $230. It just needs to happen already. The RSI says it will.\n\n-Mike', 'Microsoft declined more than 4%, while Nvidia dipped 5%. Apple, Amazon, Meta, Netflix and Alphabet also closed lower.\n\nInvestors have rotated out of growth and into value stocks amid rising rate fears, which makes future profits — including from growth companies — look less attractive.']"
2022-01-14,"['Read More\n\nThese 3 ETFs let you play the hot semiconductor sector, where Nvidia, Micron, AMD and others are growing sales rapidly\n\nThe chip exchange traded funds have easily outpaced the benchmark S&P 500 and the tech-oriented Nasdaq over the past 15 years.', 'So why own Intel during an unprecedented bull market led by growth-oriented industry players such as QUALCOMM (NASDAQ:QCOM), Advanced Micro Devices (NASDAQ:AMD), Micron Technology (NASDAQ:MU), or Wall Street darling NVIDIA (NASDAQ: NVDA)?', 'Apple stock is down just 6% from its all-time high, outperforming all of its FAANG peers, as well as Microsoft (MSFT) - Get Microsoft Corporation Report, Nvidia (NVDA) - Get NVIDIA Corporation Report, Tesla (TSLA) - Get Tesla Inc Report and more.']"
2022-01-15,"['In light of the above, ESG stocks like Microsoft Corporation (NASDAQ:MSFT), NVIDIA Corporation (NASDAQ:NVDA), Gildan Activewear Inc. (NYSE:GIL), and Oracle Corporation (NYSE:ORCL) have become all the rage in investor circles. These companies themselves have ESG scores of 60, 74, 83, and 37 respectively, according to S&P Global’s ESG Score Tracker.', 'Like Microsoft Corporation (NASDAQ:MSFT), NVIDIA Corporation (NASDAQ:NVDA), Gildan Activewear Inc. (NYSE:GIL), and Oracle Corporation (NYSE:ORCL), QUALCOMM, Incorporated (NASDAQ:QCOM) is a stock with a strictly implemented ESG policy.\n\n9. NextEra Energy, Inc.', 'Like Microsoft Corporation (NASDAQ:MSFT), NVIDIA Corporation (NASDAQ:NVDA), Gildan Activewear Inc. (NYSE:GIL), and Oracle Corporation (NYSE:ORCL), Cabot Corporation (NYSE:CBT) is a stock investors can pick for both profit and sustainability.\n\nClick to continue reading and see the 5 ESG Dividend Stocks to Buy.', 'See: These 3 ETFs let you play the hot semiconductor sector, where Nvidia, Micron, AMD and others are growing sales rapidly\n\nWhat’s not working?\n\nGrowth factors are getting hammered thus far as bond yields rise because a rapid rise in yields makes their future cash flows less valuable.', 'Similar concentration risks threaten the S&P 500 with 50% of the index gains since April coming from these same five companies which, along with Nvidia (NVDA), Berkshire Hathaway (BRK.A) and JPMorgan (JPM), now account for 30% of the S&P market cap –the most concentrated since the Nifty Fifty bubble in 1969.']"
2022-01-16,['Apple (AAPL) 10.93%\n\nMicrosoft (MSFT) 9.91%\n\nAmazon (AMZN) 7.78%\n\nAlphabet (ne Google) (GOOG) (GOOGL) 7.75%\n\nTesla (TSLA) 4.50%\n\nMeta Platforms (ne Facebook) (FB) 3.78%\n\nNvidia (NVDA) 3.68%\n\nPayPal (PYPL) 2.18%\n\nAdobe (ADBE) 1.95%\n\nAn impressive list of stocks that have scored some tremendous price gains in recent years.']
2022-01-17,"['Nvidia (NVDA) Outpaces Stock Market Gains: What You Should Know', 'hamzaturkkol/E+ via Getty Images\n\nNvidia Corporation (NVDA) is one of several semiconductor stocks we have recommended to our members as we believe that the overall sector is one that is moving away from being highly cyclical into one that will enjoy ongoing demand. This is because the demand for chips is not going to slow, in our opinion.', 'Nvidia has at its fingertips access to a vast amount of data through its traditional computing hardware business, but also in its gaming platforms such as GeForce Now (which just provided a workaround for Fortnite and Apple (AAPL) iOS by the way), CUDA parallel computing platform, and its many software platforms including the game-changing Omniverse', ""Specifically, with cars, the company has its NVIDIA DRIVE products which are for use in self-driving vehicles. This series of products isn't just a chip, is the entire computing system in the vehicle. Keep in mind these products also collect mountains of data from sensors. This is mostly of course to ensure better operation of the vehicles."", 'Worlds within worlds, all using the phenomenal technology infrastructure and data that Nvidia has at its fingertips. It is not science fiction either, it is happening as we type. Worlds that do not exist yet will be built.\n\nSo is the stock a buy?', 'Nvidia Stock: Buy More To Boost The Core Position (NASDAQ:NVDA)', 'Some of the top crypto stocks to buy now include NVIDIA Corporation (NASDAQ:NVDA), Mastercard Incorporated (NYSE:MA), and Alphabet Inc. (NASDAQ:GOOG), among others discussed in detail below.\n\nOur Methodology\n\nThese were picked from a careful assessment of comments published on different Reddit forums over the past twenty-four hours.', 'Just like NVIDIA Corporation (NASDAQ:NVDA), Mastercard Incorporated (NYSE:MA), and Alphabet Inc. (NASDAQ:GOOG), Visa Inc. (NYSE:V) is one of the stocks that growth investors are buying.\n\nIn its Q1 2021 investor letter, ClearBridge Investments, an asset management firm, highlighted a few stocks and Visa Inc. (NYSE:V) was one of them.', '(NASDAQ:PYPL), NVIDIA Corporation (NASDAQ:NVDA), Mastercard Incorporated (NYSE:MA), Alphabet Inc. (NASDAQ:GOOG) and Meta Platforms, Inc. (NASDAQ:FB).\n\nIn its Q4 2020 investor letter, Polen Capital Management, an asset management firm, highlighted a few stocks and PayPal Holdings, Inc. (NASDAQ:PYPL) was one of them.', 'Alongside NVIDIA Corporation (NASDAQ:NVDA), Mastercard Incorporated (NYSE:MA), and Alphabet Inc. (NASDAQ:GOOG), Meta Platforms, Inc. (NASDAQ:FB) is one of the stocks attracting the attention of Redditors.\n\nIn its Q1 2021 investor letter, ClearBridge Investments, an asset management firm, highlighted a few stocks and Meta Platforms, Inc.']"
2022-01-18,"['Take Zacks Rank #1 (Strong Buy)-rated NVIDIA NVDA, for instance. The creator of the GPU and leader in the graphic chip space has always carried a high valuation, but continues to take share in its space and stay ahead of the innovation curve.', 'Video games, crypto and A.I. are all big users of graphic chips, and this provides NVIDIA with plenty of market-leading business for the foreseeable future.\n\nWell, NVIDIA was down -3.86% today, and has fallen -33.77% from its 52-week highs.', 'This is merely one example, but anyone who’d been decrying the sticker shot of buying NVIDIA shares in the past few years now has far less to get hung up about. Just saying.\n\nQuestions or comments about this article and/or its author?', '(C): Free Stock Analysis Report\n\n\n\nNVIDIA Corporation (NVDA): Free Stock Analysis Report\n\n\n\nTo read this article on Zacks.com click here.\n\n\n\nZacks Investment Research\n\n\n\nWant the latest recommendations from Zacks Investment Research? Today, you can download 7 Best Stocks for the Next 30 Days. Click to get this free report', 'Apple fell 1.9% and chipmaker Nvidia slid 3.9%.\n\nBanks also weighed heavily on the market after Goldman Sachs said its fourth-quarter profit fell by 13% from a year earlier, largely due to the hefty pay packages Goldman is paying staff.', 'Apple fell 1.7% and chipmaker Nvidia slid 3.6%.\n\nBanks also weighed heavily on the market after Goldman Sachs said its fourth-quarter profit fell by 13% from a year earlier, largely due to the hefty pay packages Goldman is paying staff.']"
2022-01-19,"['Several heavyweight growth stocks have underperformed the since its last record close, with Amazon (NASDAQ: ), Tesla (NASDAQ: ) and Nvidia (NASDAQ: ) down 15%, 12% and 24%, respectively.', 'Article content\n\nSeveral heavyweight growth stocks have underperformed the Nasdaq index since its last record close, with Amazon, Tesla and Nvidia down 15%, 12% and 24%, respectively.', ""Apple fell 1.2% and chipmaker Nvidia fell 2.1%.\n\nStocks have slid in January as investors gauge how rising inflation will impact businesses and consumers, along with the Federal Reserve's next move on interest rate policy.""]"
2022-01-20,"['Nvidia (NVDA)\n\nHere comes the gap fill on NVDA at $232.\n\nAnyway,\n\nMike', 'This company could rival or surpass other recent Zacks’ Stocks Set to Double like Boston Beer Company which shot up +143.0% in little more than 9 months and NVIDIA which boomed +175.9% in one year.\n\nWant the latest recommendations from Zacks Investment Research? Today, you can download 7 Best Stocks for the Next 30 Days.', 'This company could rival or surpass other recent Zacks’ Stocks Set to Double like Boston Beer Company which shot up +143.0% in little more than 9 months and NVIDIA which boomed +175.9% in one year.\n\nWant the latest recommendations from Zacks Investment Research? Today, you can download 7 Best Stocks for the Next 30 Days.']"
2022-01-21,"['AMD, -2.53% , which is scheduled to report its earnings on Feb. 1, and Nvidia Corp. NVDA, -3.21% , estimated to report earnings on Feb. 17, which is also Intel’s analyst day presentation.\n\nCowen analyst Matthew Ramsay, who has an outperform rating and a $60 price target, said in a note that “Intel remains controversial.”', 'So where Tesla (TSLA) - Get Tesla Inc Report and Nvidia (NVDA) - Get NVIDIA Corporation Report. Another risk-on asset — crypto — was also struggling. On Jan. 6, I said bitcoin and ethereum were hanging by a thread.\n\nIn other words, too many dominos have started to fall and now here we are. What’s next for the leader in crypto?', 'Morgan EM Corporate Bond ETF, sells PowerShares NASDAQ Internet Portfolio, First Trust TCW Opportunistic Fixed Income ETF, First Trust Low Duration Mortgage Opportunities ET, NVIDIA Corp, iShares Core S&P Small-Cap ETF during the 3-months ended 2021Q4, according to the most recent filings of the investment company, Darwin Advisors, LLC.']"
2022-01-22,"['Combined by market cap, the seven giants, Apple [AAPL], Amazon [AMZN], Meta [FB], Alphabet [GOOG], Microsoft [MSFT], Nvidia [NVDA], and Tesla [TSLA] peaked on January 3, and in the 13 trading days since then have plunged 13.4%. $1.6 trillion in paper wealth vanished:\n\nThis is obviously still no big deal, a 13.4% decline, after this huge gigantic run-up', 'Big names in this fund include Trimble, Kratos, Nvidia, Amazon and Iridium. Net assets for this fund are currently $468.9 million. Notable trades in the fund: 5,051 shares of AeroVironment & 30,001 shares of Mynaric.']"
2022-01-23,"['Intel Corporation\n\nLedger SAS\n\nNVIDIA Corporation\n\nCoincheck Inc.\n\nRipple\n\nAdvanced Micro Devices Inc.\n\nXilinx Inc.', 'They are, in order of the charts below: Meta Platforms (NASDAQ: ), Amazon (NASDAQ: ), Apple (NASDAQ: ), Netflix (NASDAQ: ), Alphabet (NASDAQ: ), Alibaba (NYSE: ), Baidu (NASDAQ: ), NVIDIA (NASDAQ: ), Tesla (NASDAQ: ), Twitter (NYSE: ).']"
2022-01-24,"['Nvidia (NVDA) Stock Sinks As Market Gains: What You Should Know', 'AMZN, AMT, ILTB, VNQI, SPIP, VNQ, EQIX, LQD, HYEM, HSCZ, Reduced Positions: QQQ, XMMO, TSLA, BSV, COST, GOOG, NFLX, MUB, SCHP, GOOGL, BNDX, MINT, VMBS,\n\nQQQ, XMMO, TSLA, BSV, COST, GOOG, NFLX, MUB, SCHP, GOOGL, BNDX, MINT, VMBS, Sold Out: RNG,\n\nInvestment company Current Portfolio ) buys Invesco NASDAQ 100 ETF, iShares Morningstar Mid-Cap Growth ETF, NVIDIA', 'Verde Capital Management initiated holding in NVIDIA Corp. The purchase prices were between $197.32 and $333.76, with an estimated average price of $277.31. The stock is now traded at around $233.720000. The impact to a portfolio due to this purchase was 0.47%. The holding were 4,235 shares as of 2021-12-31.', 'Verde Capital Management Buys Invesco NASDAQ 100 ETF, iShares Morningstar Mid-Cap Growth ETF, NVIDIA Corp, Sells PowerShares QQQ Trust Ser 1, RingCentral Inc', 'Nvidia (NVDA)\n\nMany stocks appeared to put in short-term bottoms, like Nvidia. It fell to nearly $207, which is a support level. Additionally, the shares reached oversold conditions based on the RSI. I don’t think it means the declines are over, longer-term for this one.']"
2022-01-25,"['Class A Report formerly Facebook, has no intention of letting Microsoft (MSFT) - Get Microsoft Corporation Report, Samsung (SSNLF) or Nvidia (NVDA) - Get NVIDIA Corporation Report take the lead in the race to mold and shape the metaverse, a virtual reality construct intended to supplant the internet as we know it today.', 'On the technical side, RCS has, for its Phase 1, 760 Nvidia DGX A100 computers representing 6,080 GPUs, which already allows it during the first tests to work 20 times faster than its predecessor on computer vision and run systems of natural language understanding at scale three times faster.', ""A positive report could lift other stocks in the sector such as Taiwan Semiconductor Manufacturing Company Limited (TSM), NVIDIA Corporation (NVDA), or Broadcom Inc. (AVGO). No matter what the report says, Intel's earnings could affect exchange traded funds such as XLK, SOXX, or even Invesco's QQQ Trust (QQQ)."", 'A few examples are Roblox, Unity Software and Nvidia. But, building the metaverse is a gargantuan project. There has to be more than a handful of companies building it. In this article, we’re going to examine some of the best metaverse stocks that no one is talking about.', 'Two examples are IBM and Nvidia. However, Cloudflare’s main business is edge computing.\n\nKeep reading for more info on the best metaverse stocks to buy.\n\nBest Metaverse Stocks No One Is Talking About No. 2 Matterport (Nasdaq: MTTR)\n\nHave you ever taken a virtual tour of an apartment or home?']"
