date,LLM_output
2022-01-01,
2022-01-02,
2022-01-03,
2022-01-04,
2022-01-05,
2022-01-06,
2022-01-07,
2022-01-08,
2022-01-09,
2022-01-10,"```json
{
  ""reason"": ""Tesla, a company that leads the electric car revolution, has entered into a multi-year agreement with Talon Metals to acquire nickel. This metal is essential for producing batteries that power electric vehicles, and this agreement helps ensure Tesla's supply chain. Additionally, Morgan Stanley has upgraded its price target for Tesla to $1,300. Overall, this news is positive for Tesla and suggests that the company is well-positioned to continue its growth in the electric vehicle market."",
  ""confidence"": 8
}
```"
2022-01-11,"```json
{
  ""reason"": ""Tesla's stock price may experience a downward trend due to the possibility of a diamond pattern formation, indicating a potential break below $900. Additionally, analysts at ARK Invest have expressed concerns about potential losses for car companies that outperformed Tesla last year, suggesting a decline in Tesla's dominance in the EV market."",
  ""confidence"": 3
}
```"
2022-01-12,"{
 ""reason"": ""Tesla stock rose 3.9% on the day, outperforming the S&P 500 and other tech stocks. This indicates that investors are still bullish on Tesla despite recent concerns about competition and production issues. Additionally, several investment companies have recently initiated or increased their holdings in Tesla, which is a sign of confidence in the company's long-term prospects. Overall, the news is positive for Tesla, and I would recommend buying the stock with a confidence level of 7 out of 9."",
 ""confidence"": 7
}"
2022-01-13,"```json
{
  ""reason"": ""Tesla has delayed the production of its Cybertruck to early 2023, leading to concerns about the company's ability to compete in the electric pickup truck segment. Additionally, the company faces increasing competition from Ford Motor and Rivian Automotive, who are ahead of Tesla in launching electric pickups. This could put pressure on Tesla's market share and profitability."",
  ""confidence"": 4
}
```"
2022-01-14,"```json
{
  ""reason"": ""Tesla's stock price could be negatively impacted by the recent news of a security researcher exposing vulnerabilities in Teslas connected keyless entry and driving system. This could lead to concerns about the safety and security of Tesla vehicles, which could deter potential buyers and damage the company's reputation. Additionally, Tesla has been the target of hackers in the past, which could further erode confidence in the company and its vehicles."",
  ""confidence"": 3
}
```"
2022-01-15,"```json
{
  ""reason"": ""Tesla is accepting Dogecoin for some of its merchandise, which could be a positive sign for the cryptocurrency's future. However, the company removed the reference to the 2022 production start date from the Cybertruck page, which could be a negative sign for the stock price. Overall, I would give this news a confidence rating of 7 (buy)."",
  ""confidence"": 7
}
```"
2022-01-16,"```json
{
  ""reason"": ""Tesla's stock price has underperformed the broader market in recent weeks, indicating that investors may be concerned about the company's future prospects. Additionally, Tesla is facing increasing competition from other automakers in the electric vehicle market, which could further pressure its stock price. Overall, I would recommend selling Tesla stock at this time."",
  ""confidence"": 4
}
```"
2022-01-17,"```json
{
  ""reason"": ""* Dan O'Dowd, CEO of Green Hills Software, published an advertisement in the New York Times stating that millions of people would die if the current version of Tesla's Full Self-Driving (FSD) system were entirely in charge of every vehicle on the road.\n* O'Dowd based his criticism on an analysis of videos shared online showing Tesla owners using the FSD feature, which Tesla maintains is in beta and only capable of limited autonomous capability under driver supervision.\n* He described FSD as \""the worst piece of commercial software\"" he had ever seen, asserting that it should be tested by Tesla employees internally rather than by Tesla owners\n* Elon Musk, CEO of Tesla, responded to the ad on Twitter, calling Green Hills software \""a pile of trash\"" and suggesting that FSD critics have a vested interest in competing solutions.\n* The National Highway Traffic Safety Administration (NHTSA) is looking into whether FSD was a factor in a recent accident in Brea, California.\n* This negative publicity and the ongoing NHTSA investigation could damage Tesla's reputation and lead to regulatory scrutiny, which could hurt the company's stock price."",
  ""confidence"": 2
}
```"
2022-01-18,"```json
{
  ""reason"": ""Elon Musk recently engaged in a controversial Twitter spat with an expert in the autonomous vehicle sector, Dan O'Dowd, who criticized Tesla's full self-driving (FSD) technology and called for its ban. Musk's dismissive response and subsequent actions, such as criticizing O'Dowd's company and selling Tesla shares, suggest that he may be taking the criticism personally and may not be fully addressing the concerns raised about FSD. This could raise concerns among investors about the safety and reliability of Tesla's technology and potentially impact the company's reputation and stock price."",
  ""confidence"": 6
}
```"
2022-01-19,"{
 ""reason"": ""The news article discusses a metal sculptor in Chilliwack working on an Elon Musk head sculpture and an \""Elon Goat\"" monument to promote the Elon Goat Token. While the project is meant as a tribute to Musk and the crypto community, it appears to be primarily a marketing stunt for the token. The article also mentions that Tesla stock fell on Wednesday, along with Apple and Amazon, due to concerns about inflation and the Fed's plans to control it. \n\nOverall, this news is not particularly relevant to Tesla's stock price movement, as it does not contain any significant information that would impact the company's financials or operations. The focus of the article is on the marketing of the Elon Goat Token, and while Musk is mentioned, the article does not provide any insights into Tesla's business or future prospects."",
 ""confidence"": 5
}"
2022-01-20,"```json
{
  ""reason"": ""A Tesla employee died on the job at the automakers factory in Fremont, California early Wednesday morning.\nTesla did not immediately respond to Insiders request for comment.\nKTVU reported that Cal-Occupational Safety and Health Administration is currently investigating the circumstances of the death.\nYesterday Tesla, Inc. dba Tesla Motors, Inc. notified Cal/OSHA of a fatality January 19 in Fremont, a spokesperson for the administration said in an email to Insider.\nA production associate collapsed while working on the power train line."",
  ""confidence"": 5
}
```"
2022-01-21,"```json
{
  ""reason"": ""Tesla's Q4 earnings are projected to be strong, and the company has a lot of updates to give, including on its first manufacturing plant in Germany. Additionally, several investment companies have recently added to their holdings in Tesla, which indicates confidence in the company's future prospects."",
  ""confidence"": 8
}
```"
2022-01-22,"```json
{
  ""reason"": ""The provided news does not contain any negative information that would warrant selling Tesla stock. In fact, the news mentions that Tesla stock has performed well in the past, and that Bitcoin has been a better investment than Amazon or Tesla in the long term. This suggests that Tesla stock is a good investment for long-term investors. Therefore, I recommend buying Tesla stock with a confidence of 8."",
  ""confidence"": 8
}
```"
2022-01-23,"```json
{
  ""reason"": ""Tesla's acceptance of Dogecoin as payment and potential inclusion in QQQ ETFs could boost its stock price. However, the upcoming Fed policy meeting and earnings reports from other Big Tech companies may introduce some uncertainty. Overall, the news is mixed, and a cautious approach is warranted."",
  ""confidence"": 6
}
```"
2022-01-24,"```json
{
  ""reason"": ""Tesla stock has been sold by two different investment companies.  MEMBERS Trust Company sold 272 shares of Tesla and the share price has dropped since they purchased the stock.  Vision Capital Management Inc. sold all of their Tesla shares.  This is a sign that these investment companies do not believe that Tesla is a good investment at this time and may be a reason to sell Tesla stock."",
  ""confidence"": 4
}
```"
2022-01-25,"```json
{
  ""reason"": ""Tesla is currently under investigation by the NHTSA for allowing games to be played on their front center touchscreens while the vehicle is in motion. This could be a major distraction for drivers and increase the risk of a crash. Tesla has agreed to stop allowing games to be played while the vehicle is in motion, but the NHTSA is still investigating the matter. This could lead to a recall of Tesla vehicles and/or a fine. In addition, Tesla is also facing a safety investigation into its Autopilot driver-assistance system after a series of crashes involving the system and parked emergency vehicles. This could also lead to a recall of Tesla vehicles and/or a fine. These investigations could damage Tesla's reputation and lead to a decline in sales. As a result, I would recommend selling Tesla stock."",
  ""confidence"": 4
}
```"
2022-01-26,"```json
{
  ""reason"": ""Tesla had a solid Q4, with record revenue and earnings that beat estimates. The company also generated strong cash flow and maintained a healthy balance sheet. However, the stock price has already priced in much of this good news, and the company faces some challenges in the near term, including supply chain issues and competition from other EV makers. As a result, I would recommend investors take a neutral stance on Tesla stock at this time."",
  ""confidence"": 5
}
```"
2022-01-27,"```json
{
  ""reason"": ""Tesla's stock price fell significantly on Thursday due to the announcement that a computer chip shortage will prevent the company from rolling out new models in 2022. This news is concerning, as it indicates that Tesla is facing production challenges and may not be able to meet demand for its vehicles. Additionally, the news that the Tuttle Capital Short Innovation ETF is betting against Cathie Wood, who is a major Tesla investor, is also a negative sign for the stock. Overall, this news is bearish for Tesla stock, and I would recommend selling the stock."",
  ""confidence"": 4
}
```"
2022-01-28,"{
""reason"": ""It is not recommended to buy Tesla stock at this time due to the following reasons:\n\n1. Tesla's stock has fallen significantly in recent weeks, from a high of over $1,200 per share to just over $800 per share as of August 1, 2023. This decline is due in part to concerns about the company's ability to meet its production targets, as well as Elon Musk's recent sale of Tesla shares.\n\n2. Tesla is facing increasing competition from other electric vehicle manufacturers, such as Ford and Volkswagen. This competition is likely to intensify in the coming years, and it could put pressure on Tesla's margins and market share.\n\n3. Tesla's valuation is still very high, with a price-to-earnings ratio of over 100. This valuation is not supported by the company's fundamentals, and it could make Tesla's stock a risky investment.\n\nGiven these risks, it is not recommended to buy Tesla stock at this time. It is possible that the stock could continue to decline in the coming months, and investors could lose money if they buy the stock now."",
""confidence"": 2
}"
2022-01-29,"```json
{
  ""reason"": ""* Tesla is the top holding of a fund, showing institutional confidence in the company, providing a ++ confidence impact.\n* Robinhood's CEO's resistance to accepting Shiba Inu may reflect poorly on the company's future prospects, providing a - confidence impact.\n* Tesla's continued growth in the EV and battery supply chain is a positive sign for the company's future, providing a ++ confidence impact.\n* Tesla's aim to achieve L4 autonomy in 2022 with the development of FSD capabilities shows the company's commitment to innovation, providing a ++ confidence impact.\n* The survey conducted by Benzinga in January 2022, which included the responses of a diverse population of adults 18 or older, suggests that Tesla is well-perceived by the general public, providing a ++ confidence impact."",
  ""confidence"": 8
}
```"
2022-01-30,"{
 ""reason"": ""Tesla has entered into an agreement with Syrah Resources to supply 8ktpa of active anode material (AAM) from Vidalia for an initial term of four years at a fixed price. This is a positive development for Tesla as it secures a long-term supply of AAM, a key component in the production of electric vehicle batteries. Additionally, Tesla has an option to offtake additional volume from Vidalia subject to Syrah expanding its capacity beyond the initial expansion. Overall, this news is positive for Tesla as it provides the company with a secure and long-term supply of AAM."",
 ""confidence"": 8
}"
2022-01-31,"```json
{
  ""reason"": ""Over the past two quarters, multiple investment firms sold a significant portion of their Tesla stock holdings. Diversified Portfolios, Inc. and Canal Insurance CO. both sold out their holdings in Tesla, while Gradient Capital Advisors, LLC initiated a holding in Vanguard Ultra-Short Bond ETF, a less risky investment. These investment decisions suggest that these institutions believe Tesla stock is overvalued and/or are concerned about the company's long-term prospects."",
  ""confidence"": 5
}
```"
2022-02-01,"```json
{
  ""reason"": ""Tesla's Full Self-Driving software recall is a major blow to the company's reputation and could lead to a loss of customer confidence. This is especially concerning given that Tesla is facing increasing competition from BYD and other EV manufacturers. In addition, BYD's recent strong sales figures suggest that it is catching up rapidly with Tesla in terms of market share. As a result, I would recommend selling Tesla stock with a confidence level of 0."",
  ""confidence"": 0
}
```"
2022-02-02,"```json
{
  ""reason"": ""Tesla CEO is responding to a class action lawsuit from shareholders claiming to be wronged. Therefore, there will be uncertainty around Tesla. Uncertainty can cause investors to sell off their stock."",
  ""confidence"": 3
}
```"
2022-02-03,"{
 ""reason"": ""Tesla stock price has fallen from a high of over $1200 to around $891 per share in recent months.\n\nPalisades Hudson Asset Management, L.P. initiated holding in Tesla Inc. The purchase prices were between $780.59 and $1229.91, with an estimated average price of $1012.35.\n\nTesla has applied for a permit to extend its existing Austin-based car factory with a building to produce cathodes for battery manufacturing.\n\nCathodes are the single most expensive component of a battery and producing them requires lots of space and emits large quantities of CO2 emissions."",
 ""confidence"": 5
}"
2022-02-04,"{
 ""reason"": ""Tesla's new patent for a headlight that can change its behaviour with software is a clever piece of hardware that should have a significant impact on the company. By allowing Tesla to mass-produce a single headlight and change the way it behaves with software to comply legally wherever a vehicle is shipped, Tesla can significantly cut down on the number of different headlights it must produce. This will help Tesla to continue delivering vehicles in a supply-constrained world and is a major win for the company."",
 ""confidence"": 9
}"
2022-02-05,"```json
{
  ""reason"": ""Tesla's stock price has been volatile in recent weeks, but there are a few reasons to believe that it could be a good buy right now.\n\nFirst, Tesla is a leader in the electric vehicle market, and the demand for electric vehicles is only going to increase in the coming years. Tesla has a strong brand and a loyal customer base, and it is well-positioned to continue to grow its market share.\n\nSecond, Tesla is investing heavily in new technology, such as its Autopilot self-driving system and its new Model 3 vehicle. These investments could pay off in the long run and help Tesla to maintain its competitive advantage.\n\nFinally, Tesla's stock is currently trading at a discount to its all-time high. This could be a good opportunity to buy the stock at a relatively low price.\n\nOf course, there are also some risks associated with investing in Tesla. The company is still relatively young, and it faces competition from a number of well-established automakers. However, I believe that the long-term potential of Tesla is significant, and I would recommend buying the stock at the current price."",
  ""confidence"": 7
}
```"
2022-02-06,"```json
{
  ""reason"": ""Tesla has signed an offtake agreement with Syrah Resources to supply natural graphite AAM from the Vidalia mine. This agreement will see Tesla offtake 8ktpa AAM of the proposed initial expansion of AAM production capacity at Vidalia at a fixed price for an initial term of four years. Tesla also has an option to offtake additional volume from Vidalia subject to Syrah expanding its capacity beyond the initial expansion. This agreement is a positive development for Tesla, as it secures a long-term supply of natural graphite for its electric vehicle batteries. Given the importance of this agreement and the growing demand for electric vehicles, I recommend buying Tesla stock with a confidence level of 9."",
  ""confidence"": 9
}
```"
2022-02-07,"```json
{
  ""reason"": ""Tesla, led by CEO Elon Musk, is among one of the top-performing automakers globally. The company's recent 10-K filing showed that it continues to hold $2 billion worth of Bitcoin, despite the recent decline in its price. This move has been praised by industry experts and has contributed to a positive sentiment towards cryptocurrencies in general. Additionally, Tesla's strong financial position with $2 billion in Bitcoin holdings and a strong brand image are positive indicators for the company's future growth."",
  ""confidence"": 8
}
```"
2022-02-08,"```json
{
  ""reason"": ""The stock price of Tesla has been volatile in recent months, but the company's fundamentals remain strong. Tesla is a leader in the electric vehicle market, and its vehicles are in high demand. The company is also investing heavily in new technologies, such as self-driving cars and energy storage. While there are some risks associated with investing in Tesla, the company's long-term prospects are bright."",
  ""confidence"": 7
}
```"
2022-02-09,"```json
{
  ""reason"": ""Tesla's stock price has been volatile lately due to a number of factors, including the company's ongoing legal battles with the SEC, the Biden administration's recent acknowledgment of Tesla, and the increasing competition in the electric vehicle market.\n\nOn the one hand, Tesla's stock price has benefited from the company's strong sales and the Biden administration's support for electric vehicles. On the other hand, Tesla's stock price has been hurt by the company's legal battles with the SEC and the increasing competition in the electric vehicle market.\n\nOverall, I believe that Tesla's stock is a hold. The company has a strong track record of innovation and execution, but it faces a number of challenges in the coming years. I would recommend investors to watch Tesla's stock closely and to be prepared for volatility."",
  ""confidence"": 5
}
```"
2022-02-10,"{
 ""reason"": ""The news does not provide any meaningful information that may be detrimental to Tesla Stock price movement. Hence, I cannot recommend buying or selling Tesla stock based on the provided news."",
 ""confidence"": 5
}"
2022-02-11,"{
 ""reason"": ""Rivian, a potential competitor to Tesla, has experienced production challenges due to supply chain constraints, indicating that Tesla may continue to face fewer competitive threats in the electric vehicle market. Additionally, a notable investment company has significantly increased its stake in Tesla, demonstrating confidence in its future prospects. These factors suggest that Tesla stock may be a buy."",
 ""confidence"": 8
}"
2022-02-12,"{
 ""reason"": ""The news provided is majorly about an event held by SpaceX and does not provide any new information about Tesla. However, the article does mention that Tesla is one of the top stocks in Cathie Wood's portfolio. This could be seen as a positive sign for Tesla, as Wood is a well-respected investor. Overall, the news provided does not give a clear indication of whether to buy or sell Tesla stock. However, based on the fact that Tesla is a top stock in Cathie Wood's portfolio, I would give a confidence level of 6 (buy)."",
 ""confidence"": 6
}"
2022-02-13,"```json
{
  ""reason"": ""Tesla stock fell 4.93% last week due to investors shifting towards safe haven assets like bonds and the Japanese yen amid global uncertainty.\n\nTesla also faces potential competition from BMW in the Chinese market, as the German automaker could leverage China as an export base. Moreover, the broader consumer discretionary and communication services sectors, which include Tesla, declined last week.\n\nHowever, it's worth noting that Tesla has been able to maintain full ownership of its Shanghai factory, which could provide a competitive advantage in the Chinese market."",
  ""confidence"": 5
}
```"
2022-02-14,"{
 ""reason"": ""Tesla stock has shown a positive trend recently, with the company producing nearly a million electric vehicles worldwide in 2021 and planning to start production at its Texas and German factories soon. Additionally, the company sold nearly 60,000 China-made vehicles in January. However, it is important to note that Tesla faces competition from other electric vehicle manufacturers such as Rivian and Lucid Group, and legacy automakers like GM are also investing heavily in electric vehicles. Overall, the news is positive for Tesla, and the stock could continue to perform well in the future."",
 ""confidence"": 7
}"
2022-02-15,"```json
{
  ""reason"": ""Tesla signs five-year lithium supply deal with Liontown Resources. The supply to Tesla will account for about a third of the projects annual production capacity and will help Tesla meet the increasing demand for electric vehicles. This is a positive development for Tesla and could lead to increased production and sales of electric vehicles."",
  ""confidence"": 8
}
```"
2022-02-16,"```json
{
  ""reason"": ""Banco de Sabadell, S.A initiated holding in Tesla Inc. The stock is now traded at around $923.390000, which is lower than the average price of $1012.35 at which Banco de Sabadell, S.A purchased the shares. This indicates that the market value of Tesla stock has decreased since the purchase, which could be a reason for concern for investors. Additionally, Liontown Resources Limited (ASX: LTR) surged 25 cents, or 18% to $1.64 after announcing a deal to supply Tesla (NASDAQ: TSLA) with more than 100,000 annual tonnes of lithium concentrate over the next five years. This deal could be seen as a positive development for Tesla, as it secures a long-term supply of lithium, a key component in electric vehicle batteries. However, it is important to note that Tesla stock has been volatile in recent months, and there is no guarantee that the stock price will continue to rise."",
  ""confidence"": 5
}
```"
2022-02-17,"{""""reason"""": """"error"""", """"confidence"""": 1}"
2022-02-18,"```json
{
  ""reason"": ""Elon Musk's recent donation of a significant number of Tesla shares to charity and insider selling from executives may indicate a lack of confidence in Tesla's \""near- or medium-term\"" prospects."",
  ""confidence"": 4
}
```"
2022-02-19,"```json
{
  ""reason"": ""Tesla has raised $337 million in funding, its valuation has reached $100 billion, and it plans to start selling its own FSD software to other automakers. This shows that Tesla is a strong company with a lot of potential. However, Tesla has also been ranked lower than some other car brands in terms of quality and reliability. Additionally, there is some concern that Tesla's FSD software is not yet fully developed and may not be as safe as Musk claims. Overall, I am cautiously optimistic about Tesla's stock and would rate it a 7 out of 9."",
  ""confidence"": 7
}
```"
2022-02-20,"{
 ""reason"": ""Tesla's stock price fell sharply, possibly due to concerns about rising interest rates and competition from other electric vehicle manufacturers. Additionally, analysts have expressed concerns about Tesla's valuation, which is much higher than that of its competitors."",
 ""confidence"": 3
}"
2022-02-21,"```json
{
  ""reason"": ""Tesla has grown rapidly into one of the world's largest all-electric vehicle companies. It has even become the most valuable automaker in the world by market capitalization. Tesla is experiencing rapid growth in China, where it is the leading electric vehicle seller. The company is looking to increase its manufacturing capacity as quickly as possible. However, Tesla continues to face ongoing global supply chain challenges, which is limiting its ability to operate at full capacity. On Feb. 3, 2022, Reuters reported that Tesla was recalling 817,000 vehicles in the U.S. due to a malfunction of the audible seatbelt reminder alert in certain vehicle models. Tesla also has a high Piotroski F-Score of 8, meaning operations are healthy."",
  ""confidence"": 9
}
```"
2022-02-22,"```json
{
  ""reason"": ""The news is mostly neutral and does not provide sufficient evidence to suggest a strong buy or sell recommendation for Tesla stock. Therefore, I recommend holding or waiting for more information before making a decision."",
  ""confidence"": 5
}
```"
2022-02-23,"```json
{
  ""reason"": ""JustInvest LLC bought 24,897 shares of Tesla Inc (TSLA) during the 3-months ended 2021Q4. However, the stock price has since fallen by around 12%. Moreover, Tesla was the worst performer in the S&P 500 on a recent trading day, falling 2.3%. This suggests that there may be some negative sentiment towards Tesla stock at the moment."",
  ""confidence"": 5
}
```"
2022-02-24,"{
 ""reason"": ""The SEC is investigating whether recent stock sales by Tesla CEO Elon Musk and his brother, Kimbal Musk, violated insider-trading rules. This could lead to negative publicity for Tesla and could hurt the company's stock price. \n\nTesla stock has already fallen about 33% since Musk began selling billions of dollars worth of shares in November. If the SEC investigation leads to charges against Musk, it could further damage Tesla's stock price.\n\nIn addition, Musk's wealth has declined significantly in recent months, and he may be forced to sell more Tesla stock to meet his financial obligations. This could also put downward pressure on the stock price."",
 ""confidence"": 0
}"
2022-02-25,"```json
{
  ""reason"": ""Tesla stock outperformed its competitors on Friday, rising 1.14% to $809.87, while Toyota Motor Corp. ADR rose 1.73% and Ferrari N.V. fell 0.99%. However, the stock's trading volume remained below its 50-day average volume, indicating a lack of strong buying pressure. Additionally, the criticism of the United States Postal Service's choice of a gas-powered vehicle over Tesla's electric vehicles could potentially impact Tesla's future sales. Overall, while Tesla's stock performance was positive on Friday, the factors mentioned above suggest that investors should proceed with caution and further analyze the situation before making a decision to buy or sell the stock."",
  ""confidence"": 6
}
```"
2022-02-26,"```json
{
  ""reason"": ""Tesla has been upgraded to “Outperform” by several major investment banks, including Daiwa Capital Markets, Deutsche Bank Aktiengesellschaft, Canaccord Genuity Group, Wells Fargo & Company, and UBS Group. This upgrade is likely due to Tesla's strong financial performance in recent quarters, as well as its leadership in the electric vehicle market. Additionally, Tesla has a number of upcoming catalysts, such as the launch of the Cybertruck and the Semi, which could further boost its stock price. However, the SEC is currently probing into the insider trading of Tesla CEO Elon Musk and his brother Kimbal Musk for possible violations of rules. This could lead to negative publicity and regulatory action, which could weigh on Tesla's stock price. Overall, the upgrade from several major investment banks suggests that Tesla's stock has further upside potential, but the SEC investigation could pose a risk to the stock price."",
  ""confidence"": 7
}
```"
2022-02-27,"```json
{
  ""reason"": ""Tesla's dominance in the EV industry and its CEO Elon Musk's ambitious plans for the future, including integrating popular video games into its cars, suggest that the company has a strong potential for continued growth and innovation. Additionally, Tesla's move to disable the Passenger Play feature in response to a safety investigation shows that the company is taking steps to address any concerns and ensure the safety of its vehicles."",
  ""confidence"": 8
}
```"
2022-02-28,"{
""reason"": ""Tesla stock has been on a rollercoaster ride in recent months, and it's unclear whether the company is poised for a rebound or further decline.\n\nOn the one hand, Tesla has a strong track record of innovation and growth. The company has been the leader in the electric vehicle market for years, and it continues to invest heavily in new technologies. Additionally, Tesla has a strong brand and a loyal customer base. \n\nHowever, on the other hand, Tesla is facing some challenges. The company has been plagued by production delays and quality issues in recent months. Additionally, the electric vehicle market is becoming increasingly competitive, with new entrants such as Lucid Motors and Rivian Automotive. Shares of Tesla are currently trading at around $725, down from a high of over $1,200 in November 2021. \n\nWhile Tesla has a lot of potential, I am more bearish on the stock in the short term. I believe that the company's challenges will continue to weigh on its stock price in the coming months. I would recommend selling Tesla stock and waiting for a more opportune time to buy."",
""confidence"": 4
}"
2022-03-01,"```json
{
  ""reason"": ""Tesla has signed a supply deal with Australian lithium producer Core Lithium to secure supplies of the raw material used in making EV batteries. This is a positive development for Tesla as it ensures a stable supply of a key component for its electric vehicles. Additionally, Tesla has agreed to provide support to Core Lithium to assist with the successful completion of its Stage 3 Expansion and the incorporation of Core's lithium chemical product into Tesla's supply chain. This shows that Tesla is committed to supporting the development of the lithium-ion battery supply chain and is confident in Core Lithium's ability to deliver on its plans."",
  ""confidence"": 8
}
```"
2022-03-02,"```json
{
  ""reason"": ""Tesla faced a trademark challenge from Ford, preventing them from using the letter \""E\"" in their vehicle naming convention. This may negatively impact their marketing and branding efforts, as they have used alphabetical names for their vehicles in the past.\n\nAdditionally, Tesla has faced criticism for broken promises and missed deadlines, which may erode investor confidence. The company's stock is also currently trading below its average price of $1012.35, indicating a potential decline in investor sentiment.\n\nFurthermore, analysts at TheStreet Quant Ratings rate Tesla as a \""Hold\"" with a C+ rating, suggesting that the stock may not have significant upside potential in the near term."",
  ""confidence"": 3
}
```"
2022-03-03,"```json
{
  ""reason"": ""Panasonic, a long-time Tesla supplier, is planning to build a mega-factory in the United States to produce a new type of electric vehicle (EV) battery for Tesla. The new battery is expected to be more efficient and less expensive than the batteries currently used in Tesla vehicles. This could give Tesla a competitive advantage over other EV manufacturers and increase demand for Tesla stock. In addition, Tesla's CEO has been working to provide Ukrainians with access to communication means, which could improve Tesla's public image."",
  ""confidence"": 8
}
```"
2022-03-04,"{
 ""reason"": ""Elon Musk's open challenge to the United Autoworkers (UAW) to unionize Tesla's workforce and the granting of a final permit for Tesla's Germany plant are positive developments for the company. Additionally, Tesla's stock is a member of the prestigious IBD Leaderboard list of leading growth stocks, indicating strong analyst sentiment. While the broader market is experiencing volatility, Tesla's stock has held up relatively well. Overall, these factors suggest that Tesla's stock has the potential for further growth."",
 ""confidence"": 8
}"
2022-03-05,"{
""reason"": ""The news is mixed for Tesla Stock. On the one hand, there are positive developments such as strong demand for its vehicles, and a growing number of institutional investors acquiring shares. On the other hand, there are also some concerns such as the CEO's warning of cyber attacks, a recent decline in share prices, and a somewhat high valuation compared to its earnings. Overall, the news suggests that Tesla stock is a somewhat risky but potentially rewarding investment. I would recommend holding off on buying or selling until more information is available."",
""confidence"": 5
}"
2022-03-06,"{
 ""reason"": ""The news is positive for Tesla as it has secured local approvals in Germany to start EV production at its new plant outside Berlin. The Berlin plant is important as it will allow Tesla to tailor models for local customers. It will also play a key role in helping the company build market share in Europe. The news is also positive as it comes amid increasing competition in the EV market. Many rivals like Ford, General Motors, and Rivian have stated their ambitions to produce millions of electric vehicles from 2025 and 2026. However, Tesla is ready to face these rivals and is significantly increasing its production in order to increase its market share in this market that the company currently dominates. Tesla has also launched a recruitment campaign for its Gigafactory in Berlin, which shows that the company is preparing to start production soon. Overall, the news is positive for Tesla as it shows that the company is expanding its production capacity and is well-positioned to compete in the growing EV market."",
 ""confidence"": 8
}"
2022-03-07,"{
 ""reason"": ""Tesla is a major holding of several exchange-traded funds (ETFs) that focus on lithium and electric vehicles. The recent declines in the stock prices of these ETFs, as well as the broader market, suggest that investors are becoming more cautious about the prospects for the electric vehicle sector. This could put pressure on Tesla's stock price in the near term. Additionally, Tesla's reliance on lithium batteries, which are a key component of electric vehicles, could make the company vulnerable to supply chain disruptions or rising commodity prices."",
 ""confidence"": 5
}"
2022-03-08,"```json
{
  ""reason"": ""Tesla stock price is expected to be volatile in the short term due to the recent scrutiny from safety regulators and the ongoing legal battle between Tesla and the SEC over Elon Musk's tweets. However, in the long term, Tesla's strong brand recognition, technological leadership, and commitment to innovation are likely to drive the stock price higher. Investors should consider buying Tesla stock with a confidence of 7 out of 9."",
  ""confidence"": 7
}
```"
2022-03-09,"```json
{
  ""reason"": ""Tesla, Apple, and Google have recently implemented stock splits to make their shares more affordable and accessible to individual investors. This move is generally seen as a positive sign for a company's long-term prospects, as it can increase demand for the stock and drive up its price. The fact that several mega-cap companies have split their stocks since 2020 suggests that this trend is likely to continue, which could benefit Tesla in the long run."",
  ""confidence"": 7
}
```"
2022-03-10,"```json
{
  ""reason"": ""Rivian, a supposed rival of Tesla, is experiencing troubles. Tesla, on the other hand, has taken proactive steps to secure its supply chain, make key production shifts, and secure advantageous deals for materials. Tesla is also backing nickel mining starts and transitioning some cheaper models to LFP batteries. This indicates that Tesla is well-positioned to meet the increasing demand for electric vehicles."",
  ""confidence"": 8
}
```"
2022-03-11,"{
 ""reason"": ""The news does not contain any information about Tesla stock performance, thus it is not possible to forecast its future price movement or give a buy or sell recommendation"",
 ""confidence"": 0
}"
2022-03-12,
2022-03-13,
2022-03-14,
2022-03-15,
2022-03-16,
2022-03-17,
2022-03-18,
2022-03-19,
2022-03-20,
2022-03-21,
2022-03-22,
2022-03-23,
2022-03-24,
2022-03-25,
2022-03-26,
2022-03-27,
2022-03-28,
2022-03-29,
2022-03-30,
2022-03-31,
2022-04-01,
2022-04-02,
2022-04-03,
2022-04-04,
2022-04-05,
2022-04-06,
2022-04-07,
2022-04-08,
2022-04-09,
2022-04-10,
2022-04-11,
2022-04-12,
2022-04-13,
2022-04-14,
2022-04-15,
2022-04-16,
2022-04-17,
2022-04-18,
2022-04-19,
2022-04-20,
2022-04-21,
2022-04-22,
2022-04-23,
2022-04-24,
2022-04-25,
2022-04-26,
2022-04-27,
2022-04-28,
2022-04-29,
2022-04-30,
2022-05-01,
2022-05-02,
2022-05-03,
2022-05-04,
2022-05-05,
2022-05-06,
2022-05-07,
2022-05-08,
2022-05-09,
2022-05-10,
2022-05-11,
2022-05-12,
2022-05-13,
2022-05-14,
2022-05-15,
2022-05-16,
2022-05-17,
2022-05-18,
2022-05-19,
2022-05-20,
2022-05-21,
2022-05-22,
2022-05-23,
2022-05-24,
2022-05-25,
2022-05-26,
2022-05-27,
2022-05-28,
2022-05-29,
2022-05-30,
2022-05-31,
2022-06-01,
2022-06-02,
2022-06-03,
2022-06-04,
2022-06-05,
2022-06-06,
2022-06-07,
2022-06-08,
2022-06-09,
2022-06-10,
2022-06-11,
2022-06-12,
2022-06-13,
2022-06-14,
2022-06-15,
2022-06-16,
2022-06-17,
2022-06-18,
2022-06-19,
2022-06-20,
2022-06-21,
2022-06-22,
2022-06-23,
2022-06-24,
2022-06-25,
2022-06-26,
2022-06-27,
2022-06-28,
2022-06-29,
2022-06-30,
2022-07-01,
2022-07-02,
2022-07-03,
2022-07-04,
2022-07-05,
2022-07-06,
2022-07-07,
2022-07-08,
2022-07-09,
2022-07-10,
2022-07-11,
2022-07-12,
2022-07-13,
2022-07-14,
2022-07-15,
2022-07-16,
2022-07-17,
2022-07-18,
2022-07-19,
2022-07-20,
2022-07-21,
2022-07-22,
2022-07-23,
2022-07-24,
2022-07-25,
2022-07-26,
2022-07-27,
2022-07-28,
2022-07-29,
2022-07-30,
2022-07-31,
2022-08-01,
2022-08-02,
2022-08-03,
2022-08-04,
2022-08-05,
2022-08-06,
2022-08-07,
2022-08-08,
2022-08-09,
2022-08-10,
2022-08-11,
2022-08-12,
2022-08-13,
2022-08-14,
2022-08-15,
2022-08-16,
2022-08-17,
2022-08-18,
2022-08-19,
2022-08-20,
2022-08-21,
2022-08-22,
2022-08-23,
2022-08-24,
2022-08-25,
2022-08-26,
2022-08-27,
2022-08-28,
2022-08-29,
2022-08-30,
2022-08-31,
2022-09-01,
2022-09-02,
2022-09-03,
2022-09-04,
2022-09-05,
2022-09-06,
2022-09-07,
2022-09-08,
2022-09-09,
2022-09-10,
2022-09-11,
2022-09-12,
2022-09-13,
2022-09-14,
2022-09-15,
2022-09-16,
2022-09-17,
2022-09-18,
2022-09-19,
2022-09-20,
2022-09-21,
2022-09-22,
2022-09-23,
2022-09-24,
2022-09-25,
2022-09-26,
2022-09-27,
2022-09-28,
2022-09-29,
2022-09-30,
2022-10-01,
2022-10-02,
2022-10-03,
2022-10-04,
2022-10-05,
2022-10-06,
2022-10-07,
2022-10-08,
2022-10-09,
2022-10-10,
2022-10-11,
2022-10-12,
2022-10-13,
2022-10-14,
2022-10-15,
2022-10-16,
2022-10-17,
2022-10-18,
2022-10-19,
2022-10-20,
2022-10-21,
2022-10-22,
2022-10-23,
2022-10-24,
2022-10-25,
2022-10-26,
2022-10-27,
2022-10-28,
2022-10-29,
2022-10-30,
2022-10-31,
2022-11-01,
2022-11-02,
2022-11-03,
2022-11-04,
2022-11-05,
2022-11-06,
2022-11-07,
2022-11-08,
2022-11-09,
2022-11-10,
2022-11-11,
2022-11-12,
2022-11-13,
2022-11-14,
2022-11-15,
2022-11-16,
2022-11-17,
2022-11-18,
2022-11-19,
2022-11-20,
2022-11-21,
2022-11-22,
2022-11-23,
2022-11-24,
2022-11-25,
2022-11-26,
2022-11-27,
2022-11-28,
2022-11-29,
2022-11-30,
2022-12-01,
2022-12-02,
2022-12-03,
2022-12-04,
2022-12-05,
2022-12-06,
2022-12-07,
2022-12-08,
2022-12-09,
2022-12-10,
2022-12-11,
2022-12-12,
2022-12-13,
2022-12-14,
2022-12-15,
2022-12-16,
2022-12-17,
2022-12-18,
2022-12-19,
2022-12-20,
2022-12-21,
2022-12-22,
2022-12-23,
2022-12-24,
2022-12-25,
2022-12-26,
2022-12-27,
2022-12-28,
2022-12-29,
2022-12-30,
2022-12-31,
2023-01-01,
2023-01-02,
2023-01-03,
2023-01-04,
2023-01-05,
2023-01-06,
2023-01-07,
2023-01-08,
2023-01-09,
2023-01-10,
2023-01-11,
2023-01-12,
2023-01-13,
2023-01-14,
2023-01-15,
2023-01-16,
2023-01-17,
2023-01-18,
2023-01-19,
2023-01-20,
2023-01-21,
2023-01-22,
2023-01-23,
2023-01-24,
2023-01-25,
2023-01-26,
2023-01-27,
2023-01-28,
2023-01-29,
2023-01-30,
2023-01-31,
2023-02-01,
2023-02-02,
2023-02-03,
2023-02-04,
2023-02-05,
2023-02-06,
2023-02-07,
2023-02-08,
2023-02-09,
2023-02-10,
2023-02-11,
2023-02-12,
2023-02-13,
2023-02-14,
2023-02-15,
2023-02-16,
2023-02-17,
2023-02-18,
2023-02-19,
2023-02-20,
2023-02-21,
2023-02-22,
2023-02-23,
2023-02-24,
2023-02-25,
2023-02-26,
2023-02-27,
2023-02-28,
2023-03-01,
2023-03-02,
2023-03-03,
2023-03-04,
2023-03-05,
2023-03-06,
2023-03-07,
2023-03-08,
2023-03-09,
2023-03-10,
2023-03-11,
2023-03-12,
2023-03-13,
2023-03-14,
2023-03-15,
2023-03-16,
2023-03-17,
2023-03-18,
2023-03-19,
2023-03-20,
2023-03-21,
2023-03-22,
2023-03-23,
2023-03-24,
2023-03-25,
2023-03-26,
2023-03-27,
2023-03-28,
2023-03-29,
2023-03-30,
2023-03-31,
2023-04-01,
2023-04-02,
2023-04-03,
2023-04-04,
2023-04-05,
2023-04-06,
2023-04-07,
2023-04-08,
2023-04-09,
2023-04-10,
2023-04-11,
2023-04-12,
2023-04-13,
2023-04-14,
2023-04-15,
2023-04-16,
2023-04-17,
2023-04-18,
2023-04-19,
2023-04-20,
2023-04-21,
2023-04-22,
2023-04-23,
2023-04-24,
2023-04-25,
2023-04-26,
2023-04-27,
2023-04-28,
2023-04-29,
2023-04-30,
2023-05-01,
2023-05-02,
2023-05-03,
2023-05-04,
2023-05-05,
2023-05-06,
2023-05-07,
2023-05-08,
2023-05-09,
2023-05-10,
2023-05-11,
2023-05-12,
2023-05-13,
2023-05-14,
2023-05-15,
2023-05-16,
2023-05-17,
2023-05-18,
2023-05-19,
2023-05-20,
2023-05-21,
2023-05-22,
2023-05-23,
2023-05-24,
2023-05-25,
2023-05-26,
2023-05-27,
2023-05-28,
2023-05-29,
2023-05-30,
2023-05-31,
2023-06-01,
2023-06-02,
2023-06-03,
2023-06-04,
2023-06-05,
2023-06-06,
2023-06-07,
2023-06-08,
2023-06-09,
2023-06-10,
2023-06-11,
2023-06-12,
2023-06-13,
2023-06-14,
2023-06-15,
2023-06-16,
2023-06-17,
2023-06-18,
2023-06-19,
2023-06-20,
2023-06-21,
2023-06-22,
2023-06-23,
2023-06-24,
2023-06-25,
2023-06-26,
2023-06-27,
2023-06-28,
2023-06-29,
2023-06-30,
2023-07-01,
2023-07-02,
2023-07-03,
2023-07-04,
2023-07-05,
2023-07-06,
2023-07-07,
2023-07-08,
2023-07-09,
2023-07-10,
2023-07-11,
2023-07-12,
2023-07-13,
2023-07-14,
2023-07-15,
2023-07-16,
2023-07-17,
2023-07-18,
2023-07-19,
2023-07-20,
2023-07-21,
2023-07-22,
2023-07-23,
2023-07-24,
2023-07-25,
2023-07-26,
2023-07-27,
2023-07-28,
2023-07-29,
2023-07-30,
2023-07-31,
2023-08-01,
2023-08-02,
2023-08-03,
2023-08-04,
2023-08-05,
2023-08-06,
2023-08-07,
2023-08-08,
2023-08-09,
2023-08-10,
2023-08-11,
2023-08-12,
2023-08-13,
2023-08-14,
2023-08-15,
2023-08-16,
2023-08-17,
2023-08-18,
2023-08-19,
2023-08-20,
2023-08-21,
2023-08-22,
2023-08-23,
2023-08-24,
2023-08-25,
2023-08-26,
2023-08-27,
2023-08-28,
2023-08-29,
2023-08-30,
2023-08-31,
2023-09-01,
2023-09-02,
2023-09-03,
2023-09-04,
2023-09-05,
2023-09-06,
2023-09-07,
2023-09-08,
2023-09-09,
2023-09-10,
2023-09-11,
2023-09-12,
2023-09-13,
2023-09-14,
2023-09-15,
2023-09-16,
2023-09-17,
2023-09-18,
2023-09-19,
2023-09-20,
2023-09-21,
2023-09-22,
2023-09-23,
2023-09-24,
2023-09-25,
2023-09-26,
2023-09-27,
2023-09-28,
2023-09-29,
2023-09-30,
2023-10-01,
2023-10-02,
2023-10-03,
2023-10-04,
2023-10-05,
2023-10-06,
2023-10-07,
2023-10-08,
2023-10-09,
2023-10-10,
2023-10-11,
2023-10-12,
2023-10-13,
2023-10-14,
2023-10-15,
2023-10-16,
2023-10-17,
2023-10-18,
2023-10-19,
2023-10-20,
2023-10-21,
2023-10-22,
2023-10-23,
2023-10-24,
2023-10-25,
2023-10-26,
2023-10-27,
2023-10-28,
2023-10-29,
2023-10-30,
2023-10-31,
2023-11-01,
2023-11-02,
2023-11-03,
2023-11-04,
2023-11-05,
2023-11-06,
2023-11-07,
2023-11-08,
2023-11-09,
2023-11-10,
2023-11-11,
2023-11-12,
2023-11-13,
2023-11-14,
2023-11-15,
2023-11-16,
2023-11-17,
2023-11-18,
2023-11-19,
2023-11-20,
2023-11-21,
2023-11-22,
2023-11-23,
2023-11-24,
2023-11-25,
2023-11-26,
2023-11-27,
2023-11-28,
2023-11-29,
2023-11-30,
2023-12-01,
2023-12-02,
2023-12-03,
2023-12-04,
2023-12-05,
2023-12-06,
2023-12-07,
2023-12-08,
2023-12-09,
2023-12-10,
2023-12-11,
2023-12-12,
2023-12-13,
2023-12-14,
2023-12-15,
2023-12-16,
2023-12-17,
2023-12-18,
2023-12-19,
2023-12-20,
2023-12-21,
2023-12-22,
2023-12-23,
2023-12-24,
2023-12-25,
2023-12-26,
2023-12-27,
2023-12-28,
2023-12-29,
2023-12-30,
2023-12-31,
2024-01-01,
2024-01-02,
2024-01-03,
2024-01-04,
2024-01-05,
2024-01-06,
2024-01-07,
2024-01-08,
2024-01-09,
2024-01-10,
2024-01-11,
2024-01-12,
2024-01-13,
2024-01-14,
2024-01-15,
2024-01-16,
2024-01-17,
2024-01-18,
2024-01-19,
2024-01-20,
2024-01-21,
2024-01-22,
2024-01-23,
2024-01-24,
2024-01-25,
2024-01-26,
2024-01-27,
2024-01-28,
2024-01-29,
2024-01-30,
2024-01-31,
2024-02-01,
2024-02-02,
2024-02-03,
2024-02-04,
2024-02-05,
2024-02-06,
2024-02-07,
2024-02-08,
2024-02-09,
2024-02-10,
2024-02-11,
2024-02-12,
2024-02-13,
2024-02-14,
2024-02-15,
2024-02-16,
2024-02-17,
2024-02-18,
2024-02-19,
2024-02-20,
2024-02-21,
2024-02-22,
2024-02-23,
2024-02-24,
2024-02-25,
2024-02-26,
2024-02-27,
2024-02-28,
2024-02-29,
2024-03-01,
2024-03-02,
2024-03-03,
2024-03-04,
2024-03-05,
2024-03-06,
2024-03-07,
2024-03-08,
2024-03-09,
2024-03-10,
2024-03-11,
2024-03-12,
2024-03-13,
2024-03-14,
2024-03-15,
2024-03-16,
2024-03-17,
2024-03-18,
2024-03-19,
2024-03-20,
2024-03-21,
2024-03-22,
2024-03-23,
2024-03-24,
2024-03-25,
2024-03-26,
2024-03-27,
2024-03-28,
2024-03-29,
2024-03-30,
2024-03-31,
